patient_id,DiagPeriodL90D
241293,0.5
612155,0.5
945034,0.5
376741,0.5
256548,0.5
669333,0.5
904893,0.5
927353,0.5
386921,0.5
560695,0.5
994014,0.5
608813,0.5
694494,0.5
142910,0.5
659198,0.5
935417,0.5
689441,0.5
167427,0.5
374169,0.5
212020,0.5
835572,0.5
568355,0.5
658268,0.5
288962,0.5
674949,0.5
499956,0.5
473496,0.5
344845,0.5
813396,0.5
896914,0.5
546839,0.5
354986,0.5
685382,0.5
487675,0.5
320528,0.5
364806,0.5
196260,0.5
142679,0.5
973373,0.5
290545,0.5
451822,0.5
485051,0.5
891886,0.5
950446,0.5
185298,0.5
150106,0.5
820344,0.5
132714,0.5
615530,0.5
487516,0.5
526849,0.5
937675,0.5
659053,0.5
604992,0.5
847005,0.5
197508,0.5
812892,0.5
705377,0.5
254356,0.5
307848,0.5
409161,0.5
853233,0.5
306154,0.5
296200,0.5
244355,0.5
605308,0.5
827569,0.5
504244,0.5
777244,0.5
970546,0.5
311233,0.5
946712,0.5
434380,0.5
539521,0.5
771753,0.5
912777,0.5
248098,0.5
838707,0.5
328227,0.5
936808,0.5
946978,0.5
776293,0.5
947397,0.5
937548,0.5
524149,0.5
350016,0.5
576320,0.5
936364,0.5
711126,0.5
777050,0.5
131085,0.5
304375,0.5
179039,0.5
885018,0.5
665953,0.5
259405,0.5
605280,0.5
674647,0.5
223513,0.5
479402,0.5
107203,0.5
116895,0.5
502735,0.5
113083,0.5
713886,0.5
910102,0.5
388637,0.5
368857,0.5
828545,0.5
731200,0.5
382213,0.5
426954,0.5
529012,0.5
644864,0.5
502398,0.5
259695,0.5
105413,0.5
973966,0.5
849728,0.5
237979,0.5
378324,0.5
991233,0.5
642446,0.5
796220,0.5
620740,0.5
712092,0.5
794249,0.5
272526,0.5
418790,0.5
118192,0.5
998990,0.5
833864,0.5
716832,0.5
926665,0.5
379171,0.5
263732,0.5
650564,0.5
476178,0.5
330720,0.5
202365,0.5
143065,0.5
528412,0.5
588247,0.5
282696,0.5
132337,0.5
693428,0.5
189558,0.5
254190,0.5
565469,0.5
103032,0.5
286956,0.5
247020,0.5
316734,0.5
429645,0.5
607867,0.5
983187,0.5
881800,0.5
295425,0.5
170044,0.5
277577,0.5
482081,0.5
452909,0.5
446578,0.5
522186,0.5
115746,0.5
713609,0.5
752639,0.5
869965,0.5
116093,0.5
812499,0.5
892896,0.5
980995,0.5
324775,0.5
836224,0.5
512782,0.5
565082,0.5
386531,0.5
364858,0.5
767841,0.5
353538,0.5
605910,0.5
715381,0.5
260632,0.5
603170,0.5
142663,0.5
345719,0.5
901702,0.5
574939,0.5
231230,0.5
828904,0.5
827539,0.5
658813,0.5
737597,0.5
719339,0.5
998405,0.5
894103,0.5
306028,0.5
785826,0.5
409312,0.5
667810,0.5
663883,0.5
601908,0.5
967655,0.5
835018,0.5
460178,0.5
389820,0.5
790695,0.5
986350,0.5
893194,0.5
651815,0.5
767744,0.5
279680,0.5
746687,0.5
485204,0.5
393185,0.5
544674,0.5
231236,0.5
188962,0.5
404676,0.5
101743,0.5
179116,0.5
597294,0.5
471678,0.5
703116,0.5
412708,0.5
792593,0.5
659590,0.5
858189,0.5
895881,0.5
529130,0.5
264348,0.5
574149,0.5
603367,0.5
242100,0.5
979683,0.5
300895,0.5
666625,0.5
192198,0.5
226236,0.5
772693,0.5
141104,0.5
353857,0.5
574625,0.5
696713,0.5
664550,0.5
508929,0.5
124106,0.5
531811,0.5
774436,0.5
683961,0.5
251484,0.5
527270,0.5
503538,0.5
154516,0.5
514282,0.5
175960,0.5
387901,0.5
157995,0.5
694469,0.5
466955,0.5
839675,0.5
673811,0.5
571007,0.5
335711,0.5
412809,0.5
388524,0.5
175094,0.5
434729,0.5
758462,0.5
311197,0.5
836890,0.5
156119,0.5
627038,0.5
774079,0.5
450058,0.5
441971,0.5
884163,0.5
972390,0.5
316228,0.5
938847,0.5
908556,0.5
268113,0.5
590074,0.5
567181,0.5
888236,0.5
397768,0.5
849147,0.5
235183,0.5
359005,0.5
605157,0.5
298906,0.5
508777,0.5
513579,0.5
704240,0.5
530997,0.5
385895,0.5
301131,0.5
983251,0.5
835469,0.5
516233,0.5
850509,0.5
949134,0.5
802103,0.5
726770,0.5
286119,0.5
302340,0.5
720560,0.5
714398,0.5
383555,0.5
423073,0.5
151635,0.5
252002,0.5
639404,0.5
533100,0.5
717138,0.5
745938,0.5
400280,0.5
746817,0.5
835935,0.5
823236,0.5
678800,0.5
939740,0.5
420681,0.5
663354,0.5
128845,0.5
272326,0.5
920268,0.5
309410,0.5
795300,0.5
208312,0.5
944873,0.5
875088,0.5
353579,0.5
361700,0.5
350516,0.5
250505,0.5
795847,0.5
482309,0.5
992686,0.5
250970,0.5
831885,0.5
226990,0.5
516517,0.5
560740,0.5
222212,0.5
732626,0.5
144346,0.5
111903,0.5
782564,0.5
764621,0.5
429462,0.5
723999,0.5
286112,0.5
859579,0.5
778375,0.5
656328,0.5
346731,0.5
257271,0.5
565327,0.5
607395,0.5
878993,0.5
233628,0.5
844267,0.5
199571,0.5
329176,0.5
553801,0.5
403137,0.5
146101,0.5
701398,0.5
403271,0.5
494204,0.5
894900,0.5
994011,0.5
818369,0.5
140488,0.5
966332,0.5
194807,0.5
944795,0.5
327523,0.5
846312,0.5
105216,0.5
812606,0.5
283954,0.5
587345,0.5
244487,0.5
713047,0.5
682777,0.5
281733,0.5
522867,0.5
360289,0.5
269042,0.5
879831,0.5
610336,0.5
303154,0.5
352896,0.5
276970,0.5
538309,0.5
105635,0.5
718109,0.5
549281,0.5
263825,0.5
831595,0.5
230399,0.5
203842,0.5
423484,0.5
591844,0.5
899899,0.5
853096,0.5
862275,0.5
102845,0.5
635061,0.5
292348,0.5
467712,0.5
751132,0.5
438158,0.5
253386,0.5
323748,0.5
750063,0.5
728138,0.5
412568,0.5
112514,0.5
466615,0.5
241542,0.5
442627,0.5
837771,0.5
758635,0.5
513985,0.5
268515,0.5
716608,0.5
857882,0.5
542505,0.5
108128,0.5
666981,0.5
419006,0.5
594403,0.5
956521,0.5
114080,0.5
582503,0.5
562044,0.5
237725,0.5
782675,0.5
552893,0.5
312981,0.5
225428,0.5
767156,0.5
318168,0.5
333593,0.5
482730,0.5
495771,0.5
197464,0.5
369069,0.5
673575,0.5
348933,0.5
394916,0.5
835382,0.5
209206,0.5
603480,0.5
682500,0.5
463722,0.5
354263,0.5
957377,0.5
528704,0.5
967257,0.5
769134,0.5
902522,0.5
888083,0.5
482381,0.5
553451,0.5
872231,0.5
161865,0.5
564949,0.5
847213,0.5
269244,0.5
463311,0.5
215991,0.5
667848,0.5
635879,0.5
674602,0.5
105019,0.5
472369,0.5
160403,0.5
938335,0.5
129909,0.5
410679,0.5
308142,0.5
837502,0.5
407029,0.5
499584,0.5
729465,0.5
425929,0.5
227368,0.5
393671,0.5
108032,0.5
872993,0.5
344864,0.5
145457,0.5
395493,0.5
231999,0.5
506787,0.5
314488,0.5
736662,0.5
446071,0.5
153766,0.5
196850,0.5
471759,0.5
357360,0.5
694867,0.5
510781,0.5
249101,0.5
344575,0.5
501685,0.5
408154,0.5
180004,0.5
537873,0.5
597801,0.5
813625,0.5
877218,0.5
293224,0.5
204766,0.5
310248,0.5
396545,0.5
484275,0.5
611237,0.5
234619,0.5
107602,0.5
831155,0.5
247102,0.5
576404,0.5
617882,0.5
206307,0.5
303435,0.5
314078,0.5
326784,0.5
385354,0.5
357366,0.5
124131,0.5
408817,0.5
499543,0.5
601955,0.5
737210,0.5
739627,0.5
180039,0.5
613950,0.5
349310,0.5
397414,0.5
503105,0.5
594439,0.5
836128,0.5
820234,0.5
477936,0.5
773848,0.5
486151,0.5
634709,0.5
878861,0.5
222882,0.5
262399,0.5
540096,0.5
276739,0.5
874070,0.5
341901,0.5
615758,0.5
816067,0.5
717506,0.5
463800,0.5
228609,0.5
206027,0.5
757323,0.5
875002,0.5
829474,0.5
739399,0.5
806361,0.5
187104,0.5
548352,0.5
897491,0.5
531067,0.5
223421,0.5
936162,0.5
250767,0.5
673985,0.5
479776,0.5
953154,0.5
941364,0.5
619220,0.5
334955,0.5
418660,0.5
615625,0.5
346102,0.5
565754,0.5
848167,0.5
285569,0.5
196708,0.5
181451,0.5
460146,0.5
680219,0.5
767032,0.5
518658,0.5
565284,0.5
507167,0.5
460592,0.5
312659,0.5
933952,0.5
541678,0.5
492659,0.5
547986,0.5
757483,0.5
239830,0.5
793526,0.5
945676,0.5
649336,0.5
705051,0.5
421238,0.5
230607,0.5
708810,0.5
465869,0.5
844192,0.5
745712,0.5
569816,0.5
888241,0.5
503027,0.5
774691,0.5
897773,0.5
517376,0.5
179740,0.5
237935,0.5
353875,0.5
330389,0.5
211423,0.5
544986,0.5
637660,0.5
700156,0.5
314000,0.5
496803,0.5
884618,0.5
597062,0.5
586694,0.5
785780,0.5
498115,0.5
549439,0.5
526415,0.5
275273,0.5
879486,0.5
331411,0.5
994781,0.5
152941,0.5
513226,0.5
807318,0.5
151918,0.5
333675,0.5
237761,0.5
246623,0.5
536494,0.5
565358,0.5
145716,0.5
126329,0.5
219529,0.5
939924,0.5
737509,0.5
546043,0.5
221779,0.5
367654,0.5
560378,0.5
545670,0.5
849903,0.5
983540,0.5
504607,0.5
710628,0.5
516144,0.5
535352,0.5
371798,0.5
278686,0.5
275776,0.5
596933,0.5
419514,0.5
720686,0.5
452012,0.5
176081,0.5
899013,0.5
449103,0.5
781863,0.5
354704,0.5
538380,0.5
947908,0.5
460704,0.5
107398,0.5
917552,0.5
661720,0.5
811215,0.5
447558,0.5
139066,0.5
812532,0.5
652936,0.5
498380,0.5
756589,0.5
522335,0.5
757438,0.5
195333,0.5
647307,0.5
853014,0.5
661768,0.5
679798,0.5
643648,0.5
686728,0.5
212730,0.5
266865,0.5
847614,0.5
651278,0.5
847287,0.5
841384,0.5
467128,0.5
804410,0.5
421168,0.5
229230,0.5
670362,0.5
802582,0.5
895664,0.5
523898,0.5
840367,0.5
213120,0.5
607035,0.5
231784,0.5
455653,0.5
626407,0.5
592051,0.5
135257,0.5
118073,0.5
744114,0.5
156528,0.5
857355,0.5
327607,0.5
114414,0.5
824239,0.5
270084,0.5
303678,0.5
348167,0.5
623851,0.5
389212,0.5
169528,0.5
863642,0.5
470527,0.5
251519,0.5
130182,0.5
878653,0.5
163575,0.5
654860,0.5
451428,0.5
178707,0.5
991261,0.5
949022,0.5
668143,0.5
923147,0.5
423640,0.5
342331,0.5
368620,0.5
896324,0.5
708215,0.5
992091,0.5
340317,0.5
393353,0.5
539755,0.5
426978,0.5
440424,0.5
978421,0.5
885967,0.5
742191,0.5
476735,0.5
183502,0.5
942853,0.5
831655,0.5
141460,0.5
335048,0.5
523807,0.5
102849,0.5
747292,0.5
447120,0.5
833412,0.5
231569,0.5
445715,0.5
572986,0.5
589660,0.5
703918,0.5
123303,0.5
450602,0.5
945815,0.5
873773,0.5
421755,0.5
777890,0.5
801255,0.5
250481,0.5
196801,0.5
738813,0.5
633693,0.5
749464,0.5
563637,0.5
565404,0.5
531746,0.5
483570,0.5
781457,0.5
454796,0.5
698815,0.5
361897,0.5
955111,0.5
160792,0.5
652112,0.5
753608,0.5
330175,0.5
398323,0.5
592785,0.5
486198,0.5
419857,0.5
547229,0.5
622880,0.5
773417,0.5
783424,0.5
814388,0.5
898660,0.5
314244,0.5
525147,0.5
939786,0.5
111934,0.5
757262,0.5
940756,0.5
583003,0.5
886711,0.5
861585,0.5
531666,0.5
370968,0.5
271839,0.5
431329,0.5
478865,0.5
792959,0.5
239598,0.5
865461,0.5
866869,0.5
538808,0.5
669436,0.5
520766,0.5
777485,0.5
259623,0.5
183667,0.5
530928,0.5
216674,0.5
499202,0.5
803483,0.5
958831,0.5
116378,0.5
904760,0.5
707044,0.5
639625,0.5
828648,0.5
585148,0.5
566114,0.5
183275,0.5
588939,0.5
566047,0.5
820774,0.5
760077,0.5
294558,0.5
410535,0.5
264725,0.5
727085,0.5
771254,0.5
884219,0.5
584550,0.5
997767,0.5
729244,0.5
737348,0.5
226942,0.5
710560,0.5
155498,0.5
275164,0.5
623408,0.5
521083,0.5
826064,0.5
542272,0.5
874218,0.5
841815,0.5
234212,0.5
701567,0.5
409159,0.5
801011,0.5
284180,0.5
570670,0.5
392252,0.5
443991,0.5
598287,0.5
637354,0.5
817160,0.5
491042,0.5
434332,0.5
655605,0.5
573903,0.5
211581,0.5
790079,0.5
260288,0.5
236673,0.5
874597,0.5
915014,0.5
103849,0.5
327431,0.5
459455,0.5
115767,0.5
193272,0.5
767959,0.5
930322,0.5
120001,0.5
577522,0.5
217025,0.5
211757,0.5
287681,0.5
894507,0.5
692338,0.5
255630,0.5
508195,0.5
425072,0.5
580382,0.5
519356,0.5
294981,0.5
112498,0.5
842253,0.5
807969,0.5
810950,0.5
394418,0.5
569824,0.5
672729,0.5
153465,0.5
910603,0.5
241197,0.5
879774,0.5
902448,0.5
174862,0.5
529840,0.5
140954,0.5
555025,0.5
941473,0.5
286648,0.5
547938,0.5
743914,0.5
114400,0.5
236541,0.5
521154,0.5
172306,0.5
940097,0.5
446049,0.5
185477,0.5
508731,0.5
896336,0.5
138085,0.5
882163,0.5
830367,0.5
834863,0.5
863527,0.5
819592,0.5
520236,0.5
367904,0.5
181647,0.5
685658,0.5
691851,0.5
442609,0.5
498961,0.5
204739,0.5
217793,0.5
351471,0.5
343825,0.5
782478,0.5
267232,0.5
533676,0.5
236953,0.5
610788,0.5
494202,0.5
977519,0.5
361387,0.5
429926,0.5
977367,0.5
582174,0.5
664403,0.5
908350,0.5
763564,0.5
868967,0.5
804152,0.5
520149,0.5
402816,0.5
330561,0.5
454861,0.5
321490,0.5
113275,0.5
919099,0.5
867369,0.5
746364,0.5
305472,0.5
867087,0.5
119230,0.5
401872,0.5
433542,0.5
196842,0.5
100849,0.5
189074,0.5
466404,0.5
999702,0.5
729727,0.5
764961,0.5
533853,0.5
190623,0.5
274483,0.5
997221,0.5
906277,0.5
916547,0.5
972559,0.5
992386,0.5
251416,0.5
112997,0.5
621242,0.5
210047,0.5
963657,0.5
175663,0.5
675603,0.5
170351,0.5
396378,0.5
541434,0.5
947684,0.5
224477,0.5
109854,0.5
114132,0.5
438305,0.5
205866,0.5
964822,0.5
927052,0.5
443781,0.5
438811,0.5
106116,0.5
613417,0.5
293298,0.5
623381,0.5
766399,0.5
191129,0.5
641395,0.5
362410,0.5
888055,0.5
908063,0.5
194076,0.5
594478,0.5
799355,0.5
258309,0.5
414456,0.5
110679,0.5
282819,0.5
869514,0.5
490275,0.5
893673,0.5
533342,0.5
740159,0.5
322283,0.5
537030,0.5
198234,0.5
352536,0.5
209024,0.5
633027,0.5
436380,0.5
999235,0.5
530440,0.5
289494,0.5
487662,0.5
370273,0.5
620838,0.5
618735,0.5
787019,0.5
739387,0.5
880521,0.5
212854,0.5
911827,0.5
716758,0.5
802591,0.5
896638,0.5
707401,0.5
523900,0.5
554997,0.5
836996,0.5
872141,0.5
710889,0.5
382820,0.5
747149,0.5
147814,0.5
913818,0.5
152439,0.5
350746,0.5
681393,0.5
884577,0.5
767375,0.5
393031,0.5
844972,0.5
547234,0.5
835592,0.5
855920,0.5
342778,0.5
720208,0.5
559797,0.5
515588,0.5
419434,0.5
855606,0.5
529719,0.5
221375,0.5
411293,0.5
632281,0.5
749051,0.5
183496,0.5
308554,0.5
516418,0.5
253874,0.5
710867,0.5
352203,0.5
499262,0.5
260904,0.5
591421,0.5
418789,0.5
996320,0.5
664981,0.5
761348,0.5
170839,0.5
627553,0.5
620875,0.5
321660,0.5
176012,0.5
222165,0.5
785348,0.5
530600,0.5
555807,0.5
726379,0.5
766012,0.5
602033,0.5
327222,0.5
964650,0.5
683174,0.5
649609,0.5
130508,0.5
752906,0.5
451613,0.5
479659,0.5
105005,0.5
311971,0.5
478358,0.5
640879,0.5
849990,0.5
697744,0.5
838043,0.5
200325,0.5
287939,0.5
477357,0.5
882873,0.5
592518,0.5
928090,0.5
746859,0.5
522669,0.5
583444,0.5
631329,0.5
932496,0.5
614751,0.5
403330,0.5
929230,0.5
933996,0.5
427743,0.5
496580,0.5
735281,0.5
176073,0.5
934821,0.5
520109,0.5
419433,0.5
445559,0.5
443081,0.5
496560,0.5
622937,0.5
314557,0.5
287852,0.5
662282,0.5
870119,0.5
620200,0.5
979241,0.5
647087,0.5
235600,0.5
665334,0.5
687549,0.5
966835,0.5
703064,0.5
246569,0.5
841744,0.5
998601,0.5
359835,0.5
194684,0.5
179597,0.5
236243,0.5
761614,0.5
581501,0.5
551809,0.5
433379,0.5
630752,0.5
749113,0.5
847381,0.5
698886,0.5
611155,0.5
419398,0.5
480425,0.5
831336,0.5
820103,0.5
465146,0.5
385265,0.5
476888,0.5
167861,0.5
672773,0.5
766493,0.5
330904,0.5
974896,0.5
875172,0.5
647925,0.5
777974,0.5
268387,0.5
558664,0.5
768778,0.5
232759,0.5
595701,0.5
939878,0.5
914221,0.5
324642,0.5
643317,0.5
226680,0.5
604686,0.5
734449,0.5
449473,0.5
276645,0.5
228579,0.5
479182,0.5
260950,0.5
927342,0.5
647534,0.5
796425,0.5
880856,0.5
855901,0.5
299451,0.5
892529,0.5
227292,0.5
428115,0.5
158264,0.5
357669,0.5
562438,0.5
247577,0.5
313262,0.5
183333,0.5
600368,0.5
741666,0.5
184641,0.5
594422,0.5
908412,0.5
281444,0.5
711220,0.5
148064,0.5
138772,0.5
415366,0.5
147122,0.5
782583,0.5
680606,0.5
605080,0.5
503233,0.5
598180,0.5
382802,0.5
761977,0.5
635177,0.5
662368,0.5
374425,0.5
845263,0.5
974756,0.5
450379,0.5
694385,0.5
987514,0.5
915361,0.5
500420,0.5
986546,0.5
277586,0.5
333206,0.5
973365,0.5
361354,0.5
909738,0.5
367751,0.5
598228,0.5
870706,0.5
609447,0.5
713247,0.5
129167,0.5
955050,0.5
459433,0.5
666264,0.5
346746,0.5
662802,0.5
865721,0.5
184612,0.5
207291,0.5
797661,0.5
522330,0.5
663943,0.5
263535,0.5
879847,0.5
558779,0.5
174376,0.5
997865,0.5
405743,0.5
286619,0.5
991448,0.5
964626,0.5
613068,0.5
522510,0.5
626288,0.5
602722,0.5
156804,0.5
429799,0.5
213812,0.5
232765,0.5
558707,0.5
481433,0.5
801864,0.5
345233,0.5
643675,0.5
296290,0.5
672599,0.5
591752,0.5
812078,0.5
239016,0.5
700476,0.5
269858,0.5
112291,0.5
567713,0.5
887171,0.5
701296,0.5
372203,0.5
411548,0.5
460472,0.5
797076,0.5
337110,0.5
260837,0.5
534737,0.5
779394,0.5
489833,0.5
163648,0.5
399758,0.5
125432,0.5
599738,0.5
976506,0.5
795961,0.5
129130,0.5
466678,0.5
318834,0.5
495903,0.5
618990,0.5
805289,0.5
653219,0.5
603041,0.5
461126,0.5
764469,0.5
341523,0.5
994279,0.5
847532,0.5
820863,0.5
577370,0.5
847000,0.5
676733,0.5
223624,0.5
577241,0.5
241070,0.5
549083,0.5
319132,0.5
818470,0.5
426047,0.5
673713,0.5
377582,0.5
778161,0.5
143828,0.5
584445,0.5
260527,0.5
982808,0.5
661451,0.5
595986,0.5
346298,0.5
624844,0.5
920693,0.5
383724,0.5
306321,0.5
834672,0.5
263749,0.5
268442,0.5
650295,0.5
855947,0.5
751058,0.5
389788,0.5
730067,0.5
677388,0.5
545396,0.5
146140,0.5
218246,0.5
176361,0.5
131337,0.5
796400,0.5
222993,0.5
866887,0.5
300513,0.5
623295,0.5
180019,0.5
585197,0.5
805610,0.5
460258,0.5
225870,0.5
712894,0.5
373682,0.5
403758,0.5
970130,0.5
969033,0.5
441376,0.5
982140,0.5
463791,0.5
790747,0.5
496362,0.5
439538,0.5
385292,0.5
907948,0.5
412878,0.5
796860,0.5
642328,0.5
996330,0.5
792347,0.5
115566,0.5
656934,0.5
281834,0.5
303498,0.5
720851,0.5
946539,0.5
626565,0.5
930284,0.5
239391,0.5
772608,0.5
320429,0.5
350606,0.5
276873,0.5
135910,0.5
951803,0.5
515041,0.5
815524,0.5
521211,0.5
658563,0.5
597931,0.5
690610,0.5
265360,0.5
805692,0.5
507427,0.5
180618,0.5
794842,0.5
311923,0.5
265218,0.5
928062,0.5
261490,0.5
241181,0.5
240552,0.5
287562,0.5
164101,0.5
520090,0.5
239342,0.5
140326,0.5
756685,0.5
935379,0.5
525096,0.5
464338,0.5
625477,0.5
232659,0.5
127512,0.5
440057,0.5
504201,0.5
126997,0.5
936348,0.5
684678,0.5
679923,0.5
684288,0.5
760485,0.5
248187,0.5
608661,0.5
359523,0.5
447475,0.5
974068,0.5
552390,0.5
528557,0.5
405540,0.5
403547,0.5
647085,0.5
184119,0.5
606937,0.5
608917,0.5
970504,0.5
670329,0.5
342377,0.5
416505,0.5
523286,0.5
513394,0.5
948671,0.5
330410,0.5
906348,0.5
914432,0.5
866825,0.5
628064,0.5
882477,0.5
621093,0.5
913534,0.5
227058,0.5
566700,0.5
478783,0.5
593442,0.5
247041,0.5
827928,0.5
239995,0.5
769272,0.5
475467,0.5
233242,0.5
794781,0.5
618136,0.5
558115,0.5
503579,0.5
353156,0.5
536669,0.5
626498,0.5
684857,0.5
708356,0.5
950159,0.5
965219,0.5
930200,0.5
223355,0.5
735784,0.5
770477,0.5
566727,0.5
741726,0.5
759547,0.5
649900,0.5
320412,0.5
448001,0.5
758018,0.5
365083,0.5
998136,0.5
750987,0.5
458283,0.5
974032,0.5
963893,0.5
780670,0.5
159437,0.5
959978,0.5
304749,0.5
199363,0.5
630640,0.5
886673,0.5
130904,0.5
213836,0.5
244008,0.5
772485,0.5
442213,0.5
920042,0.5
731309,0.5
820944,0.5
214818,0.5
475509,0.5
494187,0.5
471985,0.5
311708,0.5
345841,0.5
837782,0.5
245454,0.5
328348,0.5
909688,0.5
656959,0.5
660578,0.5
164074,0.5
413796,0.5
198308,0.5
906579,0.5
347530,0.5
537134,0.5
220302,0.5
149582,0.5
416674,0.5
770373,0.5
506702,0.5
671025,0.5
947721,0.5
193620,0.5
438744,0.5
888253,0.5
345915,0.5
256037,0.5
739790,0.5
376705,0.5
491675,0.5
983702,0.5
707605,0.5
728818,0.5
581430,0.5
720891,0.5
334481,0.5
473028,0.5
539936,0.5
538406,0.5
369373,0.5
812072,0.5
624024,0.5
452236,0.5
655515,0.5
196929,0.5
463929,0.5
409636,0.5
565689,0.5
457641,0.5
185979,0.5
720188,0.5
791975,0.5
610140,0.5
965482,0.5
186350,0.5
443112,0.5
579716,0.5
474422,0.5
667349,0.5
204678,0.5
892445,0.5
608445,0.5
214720,0.5
585819,0.5
471878,0.5
718253,0.5
729310,0.5
226294,0.5
482555,0.5
963023,0.5
119079,0.5
849160,0.5
222711,0.5
912896,0.5
330815,0.5
231680,0.5
394643,0.5
264579,0.5
766845,0.5
880614,0.5
673981,0.5
621575,0.5
523638,0.5
280613,0.5
959532,0.5
951168,0.5
592466,0.5
599688,0.5
461035,0.5
360626,0.5
940745,0.5
462183,0.5
244211,0.5
176901,0.5
711106,0.5
447435,0.5
304067,0.5
104019,0.5
760331,0.5
669813,0.5
813796,0.5
368314,0.5
764634,0.5
160324,0.5
596291,0.5
851407,0.5
465505,0.5
809384,0.5
294515,0.5
310070,0.5
235923,0.5
764543,0.5
360092,0.5
650553,0.5
969935,0.5
450719,0.5
243344,0.5
377686,0.5
700028,0.5
505695,0.5
796386,0.5
571913,0.5
640392,0.5
358606,0.5
757921,0.5
462520,0.5
352681,0.5
366641,0.5
241192,0.5
696487,0.5
134437,0.5
426579,0.5
578176,0.5
954686,0.5
345312,0.5
292889,0.5
294741,0.5
726661,0.5
393864,0.5
202282,0.5
269254,0.5
254846,0.5
884013,0.5
490747,0.5
805569,0.5
917553,0.5
877139,0.5
997017,0.5
514769,0.5
576630,0.5
762548,0.5
512885,0.5
384996,0.5
779123,0.5
254918,0.5
300770,0.5
924674,0.5
595519,0.5
348280,0.5
779871,0.5
962489,0.5
209977,0.5
164036,0.5
653224,0.5
394147,0.5
980001,0.5
655162,0.5
167164,0.5
464398,0.5
843865,0.5
607404,0.5
510384,0.5
323688,0.5
291357,0.5
933570,0.5
592442,0.5
173989,0.5
208984,0.5
109451,0.5
200907,0.5
145145,0.5
148724,0.5
788575,0.5
463652,0.5
553816,0.5
992821,0.5
845006,0.5
525121,0.5
329284,0.5
337250,0.5
771757,0.5
774221,0.5
364610,0.5
405162,0.5
916034,0.5
130939,0.5
154300,0.5
916935,0.5
288346,0.5
269833,0.5
828685,0.5
172524,0.5
554370,0.5
200228,0.5
811636,0.5
862035,0.5
576060,0.5
225718,0.5
430615,0.5
869553,0.5
490537,0.5
337119,0.5
681607,0.5
554657,0.5
619212,0.5
763297,0.5
466720,0.5
636520,0.5
287848,0.5
335738,0.5
760330,0.5
534238,0.5
603406,0.5
595966,0.5
301764,0.5
330805,0.5
265028,0.5
843970,0.5
310801,0.5
246999,0.5
942248,0.5
697033,0.5
462505,0.5
205349,0.5
971375,0.5
688645,0.5
973134,0.5
449285,0.5
111825,0.5
997495,0.5
884416,0.5
874264,0.5
345509,0.5
131819,0.5
807286,0.5
401831,0.5
823339,0.5
866188,0.5
569417,0.5
853398,0.5
378429,0.5
179346,0.5
881222,0.5
378657,0.5
676104,0.5
850464,0.5
527631,0.5
131631,0.5
322687,0.5
954714,0.5
880606,0.5
827667,0.5
345439,0.5
905726,0.5
170626,0.5
964431,0.5
180299,0.5
110687,0.5
848440,0.5
666919,0.5
320397,0.5
750264,0.5
594922,0.5
948137,0.5
922263,0.5
465804,0.5
171491,0.5
497911,0.5
744664,0.5
625862,0.5
907755,0.5
585971,0.5
538438,0.5
106037,0.5
325420,0.5
895532,0.5
970684,0.5
855594,0.5
489611,0.5
746910,0.5
866580,0.5
960786,0.5
766738,0.5
465976,0.5
967914,0.5
827789,0.5
122746,0.5
280896,0.5
988158,0.5
774535,0.5
773269,0.5
115506,0.5
631715,0.5
513343,0.5
597130,0.5
698556,0.5
909348,0.5
336317,0.5
833077,0.5
103904,0.5
920722,0.5
700482,0.5
714015,0.5
259348,0.5
549506,0.5
624522,0.5
298876,0.5
400488,0.5
833630,0.5
197035,0.5
800624,0.5
340008,0.5
228768,0.5
461016,0.5
645096,0.5
251871,0.5
260474,0.5
481752,0.5
357877,0.5
589619,0.5
489608,0.5
923453,0.5
272041,0.5
912506,0.5
937733,0.5
374576,0.5
537142,0.5
576492,0.5
946745,0.5
516253,0.5
679337,0.5
775186,0.5
280015,0.5
569154,0.5
481881,0.5
257790,0.5
354716,0.5
612820,0.5
157534,0.5
780673,0.5
234060,0.5
367518,0.5
861326,0.5
948809,0.5
962554,0.5
244066,0.5
791870,0.5
465413,0.5
426532,0.5
740316,0.5
980089,0.5
839031,0.5
151851,0.5
446640,0.5
453253,0.5
137355,0.5
569247,0.5
145470,0.5
820763,0.5
123053,0.5
870200,0.5
752687,0.5
452036,0.5
115570,0.5
146339,0.5
528821,0.5
270555,0.5
492359,0.5
582295,0.5
104297,0.5
504882,0.5
739452,0.5
755189,0.5
675768,0.5
146808,0.5
276594,0.5
996763,0.5
974053,0.5
468190,0.5
152638,0.5
127576,0.5
514667,0.5
589021,0.5
900572,0.5
400837,0.5
141967,0.5
270664,0.5
969004,0.5
798901,0.5
692823,0.5
134522,0.5
260108,0.5
965724,0.5
615392,0.5
197856,0.5
865309,0.5
194349,0.5
460310,0.5
397708,0.5
983042,0.5
157015,0.5
939754,0.5
868238,0.5
477985,0.5
534162,0.5
729331,0.5
693316,0.5
541685,0.5
686273,0.5
473449,0.5
326772,0.5
240780,0.5
468707,0.5
653909,0.5
323615,0.5
699354,0.5
523068,0.5
442165,0.5
489331,0.5
465703,0.5
265327,0.5
159512,0.5
487623,0.5
851547,0.5
374419,0.5
548766,0.5
618593,0.5
341804,0.5
577098,0.5
157229,0.5
464026,0.5
364620,0.5
280105,0.5
171186,0.5
729364,0.5
340115,0.5
730528,0.5
670764,0.5
913543,0.5
753683,0.5
608976,0.5
912323,0.5
650308,0.5
509552,0.5
930327,0.5
603287,0.5
864659,0.5
790390,0.5
726804,0.5
509572,0.5
336230,0.5
483084,0.5
208153,0.5
733796,0.5
753968,0.5
806391,0.5
532835,0.5
746333,0.5
972512,0.5
342701,0.5
848191,0.5
715940,0.5
453481,0.5
644054,0.5
211348,0.5
195805,0.5
800262,0.5
361836,0.5
777015,0.5
150303,0.5
686526,0.5
510940,0.5
310231,0.5
366176,0.5
145034,0.5
530153,0.5
647729,0.5
945783,0.5
344362,0.5
445958,0.5
531890,0.5
348801,0.5
441169,0.5
323061,0.5
811449,0.5
246622,0.5
412114,0.5
152456,0.5
171302,0.5
213945,0.5
844630,0.5
663140,0.5
956345,0.5
202263,0.5
354546,0.5
316431,0.5
427122,0.5
490454,0.5
796317,0.5
344982,0.5
465964,0.5
205686,0.5
472596,0.5
522876,0.5
857204,0.5
912733,0.5
218312,0.5
482503,0.5
137084,0.5
707747,0.5
313979,0.5
538410,0.5
470799,0.5
455318,0.5
520858,0.5
789129,0.5
257622,0.5
446351,0.5
197708,0.5
338099,0.5
424282,0.5
807346,0.5
960140,0.5
578467,0.5
101387,0.5
956884,0.5
553713,0.5
796780,0.5
125115,0.5
413800,0.5
948866,0.5
544938,0.5
334791,0.5
588156,0.5
243529,0.5
878461,0.5
484098,0.5
849762,0.5
465247,0.5
265206,0.5
824795,0.5
670712,0.5
156028,0.5
372248,0.5
891041,0.5
161180,0.5
748157,0.5
571882,0.5
152294,0.5
373068,0.5
563376,0.5
432139,0.5
779513,0.5
607120,0.5
966004,0.5
621542,0.5
923098,0.5
408599,0.5
518210,0.5
936189,0.5
420879,0.5
709263,0.5
290195,0.5
759972,0.5
703121,0.5
290078,0.5
143972,0.5
651457,0.5
681250,0.5
907160,0.5
475714,0.5
313433,0.5
385112,0.5
474711,0.5
445333,0.5
322815,0.5
387282,0.5
978120,0.5
145304,0.5
668440,0.5
935139,0.5
658896,0.5
666299,0.5
370833,0.5
432629,0.5
402990,0.5
208451,0.5
203283,0.5
867161,0.5
100127,0.5
869970,0.5
825049,0.5
431357,0.5
573432,0.5
824984,0.5
735201,0.5
232927,0.5
473630,0.5
607622,0.5
342268,0.5
925723,0.5
771768,0.5
997564,0.5
350499,0.5
865814,0.5
935195,0.5
971531,0.5
529634,0.5
613102,0.5
419401,0.5
960228,0.5
188374,0.5
986038,0.5
200359,0.5
504271,0.5
374605,0.5
679983,0.5
259686,0.5
764712,0.5
168661,0.5
720315,0.5
888537,0.5
433286,0.5
295933,0.5
497292,0.5
801496,0.5
532386,0.5
639537,0.5
338700,0.5
569462,0.5
466423,0.5
609160,0.5
454778,0.5
433002,0.5
999150,0.5
255587,0.5
668430,0.5
232610,0.5
642223,0.5
722718,0.5
130389,0.5
477543,0.5
671335,0.5
195408,0.5
315713,0.5
343113,0.5
213392,0.5
822497,0.5
290398,0.5
793338,0.5
330576,0.5
348191,0.5
164854,0.5
233382,0.5
365571,0.5
643387,0.5
881407,0.5
804476,0.5
705191,0.5
143092,0.5
921608,0.5
197659,0.5
583581,0.5
484906,0.5
402057,0.5
852771,0.5
696083,0.5
146000,0.5
640067,0.5
536428,0.5
795520,0.5
985908,0.5
268692,0.5
936457,0.5
834752,0.5
352945,0.5
120465,0.5
582652,0.5
144503,0.5
261252,0.5
191281,0.5
130300,0.5
705570,0.5
880346,0.5
628321,0.5
134606,0.5
854310,0.5
934260,0.5
358405,0.5
671337,0.5
143175,0.5
945616,0.5
871806,0.5
677910,0.5
670856,0.5
279011,0.5
741154,0.5
681687,0.5
787802,0.5
786433,0.5
343366,0.5
951010,0.5
449933,0.5
419226,0.5
661493,0.5
681217,0.5
251755,0.5
693752,0.5
116169,0.5
237816,0.5
863084,0.5
221814,0.5
743857,0.5
521269,0.5
704375,0.5
167205,0.5
372570,0.5
648744,0.5
374081,0.5
610848,0.5
364033,0.5
934328,0.5
765584,0.5
313469,0.5
168844,0.5
819039,0.5
151606,0.5
854699,0.5
287901,0.5
398727,0.5
513977,0.5
315176,0.5
942520,0.5
740024,0.5
799809,0.5
890407,0.5
805731,0.5
406073,0.5
144358,0.5
874053,0.5
808198,0.5
904621,0.5
980609,0.5
891535,0.5
489967,0.5
737219,0.5
166765,0.5
469941,0.5
875411,0.5
790726,0.5
777601,0.5
874988,0.5
316026,0.5
723904,0.5
429454,0.5
115511,0.5
209053,0.5
575056,0.5
268815,0.5
350930,0.5
188150,0.5
148207,0.5
620926,0.5
295236,0.5
336365,0.5
210078,0.5
420708,0.5
806994,0.5
551681,0.5
812552,0.5
950035,0.5
622046,0.5
579176,0.5
249693,0.5
389383,0.5
631701,0.5
103983,0.5
358431,0.5
681772,0.5
231348,0.5
936192,0.5
574384,0.5
595124,0.5
924925,0.5
904679,0.5
219751,0.5
589558,0.5
785956,0.5
922839,0.5
175878,0.5
643306,0.5
216733,0.5
281862,0.5
748422,0.5
332586,0.5
102701,0.5
630509,0.5
382953,0.5
416370,0.5
154347,0.5
727976,0.5
636997,0.5
958620,0.5
487603,0.5
584900,0.5
536943,0.5
751726,0.5
403992,0.5
711019,0.5
629485,0.5
450880,0.5
895876,0.5
482413,0.5
608418,0.5
786421,0.5
690184,0.5
250033,0.5
687409,0.5
430228,0.5
486119,0.5
983488,0.5
417168,0.5
149860,0.5
561680,0.5
170430,0.5
322422,0.5
295022,0.5
325464,0.5
821325,0.5
699617,0.5
861555,0.5
193622,0.5
902916,0.5
850518,0.5
739406,0.5
971534,0.5
638846,0.5
724559,0.5
190354,0.5
439370,0.5
230174,0.5
338119,0.5
777964,0.5
982226,0.5
505064,0.5
740328,0.5
615157,0.5
892158,0.5
243741,0.5
933600,0.5
820566,0.5
357670,0.5
822540,0.5
594085,0.5
312622,0.5
852209,0.5
137368,0.5
417853,0.5
521157,0.5
122773,0.5
992138,0.5
822392,0.5
588814,0.5
891845,0.5
164973,0.5
666451,0.5
218547,0.5
299719,0.5
907992,0.5
508244,0.5
800391,0.5
982193,0.5
682684,0.5
858414,0.5
416796,0.5
877823,0.5
779043,0.5
275455,0.5
134480,0.5
473064,0.5
138455,0.5
161665,0.5
572546,0.5
876811,0.5
777729,0.5
825714,0.5
945766,0.5
617843,0.5
617240,0.5
562408,0.5
444234,0.5
897614,0.5
253591,0.5
450259,0.5
930957,0.5
156349,0.5
373622,0.5
884969,0.5
689590,0.5
225690,0.5
382376,0.5
423457,0.5
720691,0.5
606123,0.5
996376,0.5
945178,0.5
184862,0.5
135371,0.5
876497,0.5
216060,0.5
961339,0.5
945392,0.5
275173,0.5
868689,0.5
799632,0.5
113995,0.5
535758,0.5
327494,0.5
714257,0.5
168185,0.5
204448,0.5
737687,0.5
744814,0.5
971440,0.5
221412,0.5
411998,0.5
218443,0.5
461225,0.5
504617,0.5
492722,0.5
793378,0.5
476200,0.5
376687,0.5
166058,0.5
154426,0.5
684231,0.5
574246,0.5
714679,0.5
774093,0.5
386474,0.5
431867,0.5
994783,0.5
870423,0.5
862599,0.5
475483,0.5
203819,0.5
576265,0.5
249257,0.5
742344,0.5
444060,0.5
472017,0.5
413071,0.5
236195,0.5
633651,0.5
509529,0.5
673069,0.5
111210,0.5
514807,0.5
618292,0.5
606855,0.5
942005,0.5
571814,0.5
120869,0.5
968717,0.5
894107,0.5
692366,0.5
624871,0.5
491402,0.5
703995,0.5
156959,0.5
797288,0.5
778848,0.5
757740,0.5
109222,0.5
732639,0.5
290693,0.5
465467,0.5
332770,0.5
990942,0.5
835423,0.5
658082,0.5
571208,0.5
750741,0.5
172227,0.5
500910,0.5
970067,0.5
463694,0.5
203832,0.5
821125,0.5
755703,0.5
427003,0.5
508362,0.5
217808,0.5
929609,0.5
279901,0.5
551718,0.5
273161,0.5
440284,0.5
332402,0.5
508976,0.5
747829,0.5
648596,0.5
335280,0.5
974677,0.5
913024,0.5
824545,0.5
728436,0.5
829836,0.5
323544,0.5
784591,0.5
370102,0.5
554732,0.5
476464,0.5
454456,0.5
778476,0.5
690696,0.5
736085,0.5
805799,0.5
937555,0.5
449006,0.5
263792,0.5
977501,0.5
327653,0.5
920840,0.5
357905,0.5
451785,0.5
551226,0.5
330954,0.5
942658,0.5
633633,0.5
573343,0.5
349589,0.5
392522,0.5
591656,0.5
776260,0.5
118105,0.5
804749,0.5
659930,0.5
789514,0.5
460379,0.5
241162,0.5
878348,0.5
209114,0.5
605130,0.5
910370,0.5
928063,0.5
923320,0.5
316275,0.5
391069,0.5
147111,0.5
700085,0.5
409547,0.5
166700,0.5
917964,0.5
859732,0.5
498559,0.5
311845,0.5
492331,0.5
539627,0.5
357828,0.5
242678,0.5
992800,0.5
832284,0.5
557470,0.5
936070,0.5
206884,0.5
447948,0.5
988740,0.5
937839,0.5
939172,0.5
919242,0.5
187308,0.5
969833,0.5
470846,0.5
704781,0.5
999593,0.5
244992,0.5
731667,0.5
408637,0.5
909289,0.5
312013,0.5
692660,0.5
982688,0.5
968766,0.5
251463,0.5
116305,0.5
535433,0.5
903648,0.5
505755,0.5
711538,0.5
457273,0.5
864827,0.5
789691,0.5
715542,0.5
489368,0.5
108853,0.5
793522,0.5
211274,0.5
199019,0.5
858286,0.5
594190,0.5
658321,0.5
458787,0.5
545764,0.5
414669,0.5
133657,0.5
119038,0.5
237888,0.5
231950,0.5
545774,0.5
846781,0.5
353753,0.5
788381,0.5
327295,0.5
622769,0.5
947031,0.5
256642,0.5
977064,0.5
820149,0.5
856076,0.5
279350,0.5
472935,0.5
400361,0.5
921447,0.5
392097,0.5
591167,0.5
192833,0.5
129528,0.5
909535,0.5
933571,0.5
667621,0.5
390210,0.5
977908,0.5
546794,0.5
292040,0.5
616552,0.5
769743,0.5
695847,0.5
318278,0.5
107329,0.5
623654,0.5
584840,0.5
671670,0.5
337421,0.5
370514,0.5
543669,0.5
719742,0.5
489837,0.5
841191,0.5
464822,0.5
740726,0.5
790609,0.5
136235,0.5
121378,0.5
182518,0.5
472026,0.5
642807,0.5
324942,0.5
223569,0.5
124128,0.5
156112,0.5
999019,0.5
175917,0.5
239133,0.5
334902,0.5
229252,0.5
163273,0.5
447088,0.5
207070,0.5
245549,0.5
389498,0.5
740816,0.5
878615,0.5
793831,0.5
198878,0.5
713056,0.5
856082,0.5
273405,0.5
399639,0.5
847920,0.5
328455,0.5
426672,0.5
649464,0.5
545706,0.5
351767,0.5
540352,0.5
100468,0.5
566064,0.5
496886,0.5
733592,0.5
285356,0.5
667729,0.5
909057,0.5
305041,0.5
160590,0.5
712744,0.5
758161,0.5
456082,0.5
989412,0.5
344482,0.5
126454,0.5
656026,0.5
352645,0.5
737943,0.5
309779,0.5
846179,0.5
467078,0.5
893583,0.5
601509,0.5
959179,0.5
722567,0.5
686468,0.5
765262,0.5
785185,0.5
586595,0.5
534024,0.5
861789,0.5
956219,0.5
530279,0.5
661952,0.5
989621,0.5
674440,0.5
896666,0.5
758900,0.5
513956,0.5
821275,0.5
413360,0.5
447900,0.5
757347,0.5
248495,0.5
603228,0.5
565151,0.5
363994,0.5
856530,0.5
213740,0.5
158500,0.5
836977,0.5
801728,0.5
331597,0.5
352325,0.5
918424,0.5
303441,0.5
447907,0.5
969082,0.5
981240,0.5
932115,0.5
909977,0.5
206495,0.5
870911,0.5
498485,0.5
768775,0.5
667635,0.5
443976,0.5
961175,0.5
604966,0.5
751467,0.5
927222,0.5
830350,0.5
725728,0.5
455271,0.5
984378,0.5
216553,0.5
511016,0.5
255240,0.5
601841,0.5
847949,0.5
899612,0.5
775202,0.5
407815,0.5
594016,0.5
843103,0.5
477018,0.5
328948,0.5
156138,0.5
419250,0.5
163204,0.5
388294,0.5
774897,0.5
800162,0.5
595780,0.5
525208,0.5
451911,0.5
856382,0.5
882027,0.5
973396,0.5
573311,0.5
745085,0.5
585437,0.5
561786,0.5
304280,0.5
566183,0.5
265749,0.5
571703,0.5
898474,0.5
528407,0.5
322659,0.5
324283,0.5
122116,0.5
790355,0.5
911296,0.5
475442,0.5
793571,0.5
418705,0.5
969952,0.5
181107,0.5
724444,0.5
842387,0.5
359579,0.5
134566,0.5
891887,0.5
233128,0.5
387402,0.5
391154,0.5
895639,0.5
698523,0.5
204381,0.5
773964,0.5
868223,0.5
824633,0.5
774367,0.5
535819,0.5
667593,0.5
150244,0.5
966549,0.5
588614,0.5
220822,0.5
654967,0.5
975264,0.5
540437,0.5
896057,0.5
211492,0.5
619878,0.5
662228,0.5
731081,0.5
888858,0.5
133893,0.5
994782,0.5
267471,0.5
617310,0.5
477070,0.5
750166,0.5
461959,0.5
571655,0.5
235240,0.5
104647,0.5
884296,0.5
471884,0.5
970737,0.5
359436,0.5
668780,0.5
830374,0.5
694533,0.5
296179,0.5
116019,0.5
842252,0.5
672284,0.5
147816,0.5
582859,0.5
395717,0.5
677531,0.5
868517,0.5
284880,0.5
761736,0.5
164293,0.5
677183,0.5
747492,0.5
126450,0.5
947104,0.5
702899,0.5
234653,0.5
184670,0.5
805149,0.5
836436,0.5
911641,0.5
410650,0.5
956903,0.5
725211,0.5
968342,0.5
492913,0.5
280462,0.5
521008,0.5
392306,0.5
196136,0.5
280867,0.5
269555,0.5
213296,0.5
134389,0.5
360810,0.5
149815,0.5
446735,0.5
324240,0.5
578660,0.5
281994,0.5
744311,0.5
252199,0.5
332860,0.5
547661,0.5
360903,0.5
406969,0.5
504748,0.5
993298,0.5
372390,0.5
561121,0.5
297255,0.5
302895,0.5
703696,0.5
551332,0.5
215101,0.5
709800,0.5
525508,0.5
698158,0.5
729268,0.5
984065,0.5
437930,0.5
360248,0.5
711032,0.5
570232,0.5
391855,0.5
112475,0.5
628962,0.5
246204,0.5
617470,0.5
169027,0.5
722496,0.5
565921,0.5
458607,0.5
300886,0.5
542986,0.5
107159,0.5
272800,0.5
286662,0.5
654025,0.5
630817,0.5
907871,0.5
521394,0.5
975755,0.5
201984,0.5
695054,0.5
664849,0.5
996073,0.5
273192,0.5
340607,0.5
936754,0.5
696577,0.5
850379,0.5
738464,0.5
910007,0.5
703069,0.5
553575,0.5
743989,0.5
113259,0.5
678986,0.5
893518,0.5
896553,0.5
902923,0.5
682021,0.5
683815,0.5
276157,0.5
850411,0.5
372698,0.5
555281,0.5
160039,0.5
393934,0.5
871716,0.5
524532,0.5
842884,0.5
310900,0.5
987963,0.5
454702,0.5
731256,0.5
149864,0.5
298490,0.5
570025,0.5
632434,0.5
799275,0.5
492537,0.5
620923,0.5
344071,0.5
579925,0.5
845871,0.5
178547,0.5
981338,0.5
374312,0.5
846474,0.5
457927,0.5
509816,0.5
446208,0.5
862027,0.5
214113,0.5
593121,0.5
898670,0.5
350320,0.5
826514,0.5
258649,0.5
361251,0.5
150033,0.5
501010,0.5
648603,0.5
272527,0.5
196504,0.5
738198,0.5
979831,0.5
527682,0.5
216784,0.5
215898,0.5
705084,0.5
992375,0.5
163247,0.5
121721,0.5
594090,0.5
252478,0.5
296617,0.5
345189,0.5
447542,0.5
387391,0.5
483568,0.5
132736,0.5
677620,0.5
875350,0.5
253032,0.5
658295,0.5
435551,0.5
854093,0.5
787235,0.5
349109,0.5
677846,0.5
138573,0.5
875977,0.5
341160,0.5
332691,0.5
166065,0.5
716841,0.5
637648,0.5
419479,0.5
705434,0.5
808430,0.5
538553,0.5
711843,0.5
658305,0.5
198073,0.5
503873,0.5
565426,0.5
504226,0.5
450518,0.5
362355,0.5
939408,0.5
227735,0.5
276998,0.5
604988,0.5
341036,0.5
604901,0.5
322585,0.5
977878,0.5
461937,0.5
727390,0.5
304293,0.5
727387,0.5
795691,0.5
686640,0.5
391906,0.5
157499,0.5
956514,0.5
688510,0.5
143531,0.5
584782,0.5
362852,0.5
181924,0.5
322391,0.5
331003,0.5
512502,0.5
528538,0.5
995824,0.5
646384,0.5
348906,0.5
282788,0.5
800168,0.5
570598,0.5
798758,0.5
231551,0.5
863959,0.5
164612,0.5
527474,0.5
899192,0.5
523635,0.5
889306,0.5
150585,0.5
667252,0.5
299049,0.5
187812,0.5
964919,0.5
249422,0.5
316696,0.5
527145,0.5
445991,0.5
693991,0.5
507464,0.5
984330,0.5
117005,0.5
605930,0.5
751134,0.5
613444,0.5
365597,0.5
420455,0.5
688786,0.5
757885,0.5
934037,0.5
413968,0.5
811990,0.5
477198,0.5
820009,0.5
227631,0.5
278516,0.5
894171,0.5
808183,0.5
395578,0.5
419769,0.5
446060,0.5
532140,0.5
394023,0.5
823660,0.5
643311,0.5
473031,0.5
868372,0.5
379577,0.5
789061,0.5
852264,0.5
511810,0.5
882890,0.5
423380,0.5
416787,0.5
722177,0.5
136863,0.5
748588,0.5
220815,0.5
153322,0.5
306743,0.5
938153,0.5
575079,0.5
687164,0.5
278857,0.5
726066,0.5
982029,0.5
526760,0.5
334756,0.5
334038,0.5
572853,0.5
993657,0.5
265814,0.5
250493,0.5
575857,0.5
343287,0.5
691005,0.5
556212,0.5
756749,0.5
225120,0.5
594817,0.5
860434,0.5
799368,0.5
557023,0.5
744303,0.5
867229,0.5
618328,0.5
492588,0.5
946080,0.5
538772,0.5
520823,0.5
980448,0.5
544716,0.5
736306,0.5
294263,0.5
979015,0.5
780618,0.5
577054,0.5
711931,0.5
352513,0.5
862635,0.5
476754,0.5
699421,0.5
437602,0.5
649544,0.5
974752,0.5
308934,0.5
703671,0.5
341214,0.5
143432,0.5
179297,0.5
496919,0.5
224239,0.5
349200,0.5
610899,0.5
867259,0.5
549963,0.5
776234,0.5
866965,0.5
205751,0.5
596801,0.5
840232,0.5
772293,0.5
768497,0.5
356716,0.5
480506,0.5
469966,0.5
332316,0.5
960938,0.5
129776,0.5
214343,0.5
773415,0.5
532060,0.5
580151,0.5
259970,0.5
358248,0.5
836453,0.5
906286,0.5
179965,0.5
194683,0.5
116979,0.5
929686,0.5
246801,0.5
688619,0.5
557445,0.5
167262,0.5
696876,0.5
688492,0.5
980630,0.5
162903,0.5
702317,0.5
156300,0.5
917429,0.5
460271,0.5
381035,0.5
445125,0.5
179135,0.5
827544,0.5
343416,0.5
853399,0.5
577885,0.5
968571,0.5
462535,0.5
815361,0.5
582253,0.5
123378,0.5
741181,0.5
184408,0.5
316971,0.5
990363,0.5
181230,0.5
647444,0.5
559080,0.5
496030,0.5
814226,0.5
634932,0.5
298601,0.5
961301,0.5
593322,0.5
263257,0.5
168004,0.5
179994,0.5
722958,0.5
542921,0.5
117087,0.5
188028,0.5
745638,0.5
298759,0.5
122121,0.5
283956,0.5
157658,0.5
892643,0.5
712402,0.5
557118,0.5
916447,0.5
427356,0.5
192640,0.5
282731,0.5
199093,0.5
799260,0.5
660003,0.5
906857,0.5
940842,0.5
211162,0.5
720970,0.5
902913,0.5
903845,0.5
619215,0.5
408094,0.5
598612,0.5
510336,0.5
304923,0.5
727905,0.5
301635,0.5
248188,0.5
161230,0.5
183894,0.5
604581,0.5
440767,0.5
317722,0.5
789360,0.5
664511,0.5
817700,0.5
355904,0.5
363997,0.5
972332,0.5
449763,0.5
349963,0.5
433756,0.5
848457,0.5
475876,0.5
492850,0.5
751019,0.5
980298,0.5
337791,0.5
354658,0.5
486386,0.5
235284,0.5
209185,0.5
487574,0.5
107819,0.5
172800,0.5
209537,0.5
176164,0.5
626140,0.5
439191,0.5
435367,0.5
179989,0.5
979187,0.5
785808,0.5
367970,0.5
992584,0.5
411973,0.5
525937,0.5
252503,0.5
519380,0.5
223588,0.5
379772,0.5
755820,0.5
159122,0.5
398395,0.5
492741,0.5
524588,0.5
110580,0.5
771512,0.5
943118,0.5
525739,0.5
757506,0.5
176189,0.5
636427,0.5
681424,0.5
732417,0.5
205558,0.5
147220,0.5
542804,0.5
704246,0.5
857890,0.5
916115,0.5
955797,0.5
889001,0.5
785228,0.5
759375,0.5
401944,0.5
202577,0.5
147211,0.5
537577,0.5
735740,0.5
185285,0.5
862282,0.5
197581,0.5
351728,0.5
829781,0.5
466848,0.5
700634,0.5
769147,0.5
711167,0.5
481123,0.5
957836,0.5
126299,0.5
340066,0.5
206704,0.5
357140,0.5
613027,0.5
158398,0.5
565306,0.5
539875,0.5
963546,0.5
163012,0.5
308207,0.5
191452,0.5
106123,0.5
295872,0.5
572098,0.5
509746,0.5
692734,0.5
442614,0.5
304114,0.5
532392,0.5
799472,0.5
841256,0.5
256261,0.5
877822,0.5
558489,0.5
209175,0.5
933983,0.5
342148,0.5
519971,0.5
188399,0.5
301755,0.5
686690,0.5
676822,0.5
323082,0.5
912650,0.5
591279,0.5
630712,0.5
198196,0.5
783490,0.5
415274,0.5
724621,0.5
359526,0.5
288131,0.5
412725,0.5
244730,0.5
169769,0.5
460932,0.5
826404,0.5
698880,0.5
893491,0.5
914604,0.5
686446,0.5
321598,0.5
784352,0.5
358162,0.5
180626,0.5
125558,0.5
334340,0.5
603759,0.5
754588,0.5
381002,0.5
609464,0.5
436463,0.5
945556,0.5
494957,0.5
148671,0.5
552861,0.5
171532,0.5
391543,0.5
989135,0.5
328598,0.5
316066,0.5
699802,0.5
166953,0.5
873940,0.5
844054,0.5
215618,0.5
615080,0.5
663750,0.5
810014,0.5
299711,0.5
624428,0.5
329159,0.5
538415,0.5
752145,0.5
429522,0.5
284603,0.5
931393,0.5
623855,0.5
569277,0.5
322531,0.5
811182,0.5
525441,0.5
236875,0.5
919798,0.5
930391,0.5
403581,0.5
624799,0.5
609917,0.5
680198,0.5
333169,0.5
939829,0.5
369617,0.5
880621,0.5
282402,0.5
320455,0.5
252734,0.5
216897,0.5
527679,0.5
609994,0.5
186178,0.5
234269,0.5
588126,0.5
309888,0.5
952524,0.5
254011,0.5
658307,0.5
936113,0.5
371382,0.5
836401,0.5
345985,0.5
140704,0.5
662287,0.5
777887,0.5
206462,0.5
491114,0.5
334905,0.5
415433,0.5
329998,0.5
120981,0.5
203334,0.5
346766,0.5
716379,0.5
797619,0.5
415199,0.5
912129,0.5
244515,0.5
627696,0.5
143658,0.5
887579,0.5
968413,0.5
482382,0.5
587451,0.5
396001,0.5
458769,0.5
311324,0.5
286721,0.5
300000,0.5
918941,0.5
459882,0.5
850101,0.5
324998,0.5
237829,0.5
185843,0.5
138237,0.5
928561,0.5
215617,0.5
351307,0.5
588015,0.5
938641,0.5
386223,0.5
879594,0.5
114261,0.5
822507,0.5
303891,0.5
722043,0.5
885047,0.5
784608,0.5
374891,0.5
791191,0.5
132790,0.5
456208,0.5
317987,0.5
709314,0.5
237932,0.5
436859,0.5
744479,0.5
382911,0.5
753785,0.5
559130,0.5
593024,0.5
604138,0.5
288486,0.5
304864,0.5
556476,0.5
388301,0.5
522222,0.5
681136,0.5
395318,0.5
642257,0.5
699090,0.5
482832,0.5
180852,0.5
789590,0.5
985991,0.5
377940,0.5
605459,0.5
442803,0.5
492397,0.5
491408,0.5
916449,0.5
827747,0.5
586916,0.5
329922,0.5
757462,0.5
708263,0.5
599595,0.5
830930,0.5
551788,0.5
419175,0.5
174913,0.5
658278,0.5
722630,0.5
218171,0.5
506837,0.5
157703,0.5
340982,0.5
304035,0.5
677291,0.5
332577,0.5
889832,0.5
571388,0.5
680300,0.5
448070,0.5
142241,0.5
738450,0.5
909390,0.5
434330,0.5
991028,0.5
485773,0.5
997014,0.5
749671,0.5
696885,0.5
224154,0.5
726143,0.5
199962,0.5
466293,0.5
336594,0.5
611344,0.5
940274,0.5
358921,0.5
334781,0.5
303673,0.5
703119,0.5
878946,0.5
401268,0.5
836706,0.5
181863,0.5
256626,0.5
214793,0.5
522581,0.5
662467,0.5
900454,0.5
137448,0.5
316727,0.5
738126,0.5
369230,0.5
341028,0.5
664022,0.5
588186,0.5
857202,0.5
244142,0.5
652471,0.5
351508,0.5
397726,0.5
322551,0.5
120295,0.5
572441,0.5
822063,0.5
777104,0.5
747561,0.5
674909,0.5
177824,0.5
976988,0.5
674203,0.5
978225,0.5
415513,0.5
970255,0.5
313818,0.5
769285,0.5
324249,0.5
348913,0.5
532229,0.5
909049,0.5
294061,0.5
908474,0.5
989910,0.5
130584,0.5
896699,0.5
230417,0.5
462566,0.5
855843,0.5
411384,0.5
196477,0.5
807612,0.5
641847,0.5
900938,0.5
711958,0.5
136058,0.5
841090,0.5
165546,0.5
722127,0.5
775903,0.5
301164,0.5
414567,0.5
433596,0.5
676022,0.5
104013,0.5
200202,0.5
579279,0.5
107980,0.5
198954,0.5
602777,0.5
625432,0.5
670278,0.5
850667,0.5
172900,0.5
456565,0.5
635705,0.5
236658,0.5
769838,0.5
246635,0.5
547877,0.5
266706,0.5
982580,0.5
663744,0.5
634498,0.5
540676,0.5
883621,0.5
573189,0.5
785580,0.5
814896,0.5
215224,0.5
346082,0.5
705458,0.5
235010,0.5
208628,0.5
327915,0.5
322730,0.5
635033,0.5
323255,0.5
626783,0.5
458019,0.5
404908,0.5
435914,0.5
170734,0.5
791301,0.5
877578,0.5
886940,0.5
147243,0.5
139126,0.5
162481,0.5
222102,0.5
599579,0.5
327471,0.5
690198,0.5
741414,0.5
124990,0.5
871217,0.5
415294,0.5
622565,0.5
459266,0.5
996459,0.5
458184,0.5
787237,0.5
593158,0.5
832970,0.5
528508,0.5
732359,0.5
917981,0.5
728099,0.5
990625,0.5
350531,0.5
588688,0.5
965238,0.5
143954,0.5
187987,0.5
360906,0.5
229396,0.5
113605,0.5
244973,0.5
964386,0.5
947022,0.5
822930,0.5
545599,0.5
219311,0.5
215329,0.5
460388,0.5
861552,0.5
706513,0.5
291077,0.5
536743,0.5
478602,0.5
742024,0.5
766518,0.5
146270,0.5
444205,0.5
122133,0.5
532129,0.5
199534,0.5
844162,0.5
286777,0.5
231994,0.5
462351,0.5
159624,0.5
885177,0.5
969783,0.5
605232,0.5
955961,0.5
847554,0.5
364079,0.5
387109,0.5
109570,0.5
302478,0.5
981729,0.5
896775,0.5
340979,0.5
105727,0.5
703932,0.5
876475,0.5
809549,0.5
333309,0.5
773879,0.5
694197,0.5
780141,0.5
412978,0.5
677939,0.5
973040,0.5
400299,0.5
817356,0.5
